1,Aldus,Wiggall,Male,35
2,Hank,Shand,Male,14
3,Saul,L'argent,Male,63
4,Boycey,Strickland,Male,35
5,Helyn,Pepler,Female,68
6,Donny,Avramovitz,Male,19
7,Meier,Gostyke,Male,67
8,Lacey,Medcraft,Female,23
9,Kirby,Posthill,Female,94
10,Ingrid,Leban,Female,16
11,Laurens,Shimon,Male,29
12,Shirleen,Loughlan,Female,0
13,Michael,Dewhurst,Male,71
14,Syman,Couthard,Male,13
15,Julio,Sherar,Male,59
16,Jemimah,Connah,Female,51
17,Dewey,Sweynson,Male,55
18,Marlow,Cregeen,Male,57
19,Jessamine,Haynesford,Female,25
20,Elias,Pate,Male,45
21,Saundra,Folca,Male,50
22,Ulrica,Hiscocks,Female,62
23,Creighton,Gadd,Male,65
24,Dominica,Pachta,Female,45
25,Rikki,Ahrenius,Female,2
26,Vanya,Comerford,Female,6
27,Jay,Snewin,Male,3
28,Liva,Trinder,Female,46
29,Lisbeth,Longford,Female,57
30,Grannie,Jirus,Male,17
31,Boone,Ellor,Male,94
32,Arnuad,Bennet,Male,30
33,Barry,Blincowe,Male,16
34,Ramsey,Aireton,Male,85
35,Burty,Glasard,Male,46
36,Uriel,Telezhkin,Male,43
37,Leopold,Threlkeld,Male,85
38,Winny,Wetherby,Female,9
39,Tallou,Bitchener,Female,17
40,Leticia,Librey,Female,70
41,Aleta,Sagerson,Female,67
42,Quincy,Grinnov,Male,86
43,Stuart,Gruszczak,Male,40
44,Doti,Cianelli,Female,8
45,Lawton,McGruar,Male,94
46,Karlik,Cordero,Male,53
47,Raviv,Forseith,Male,5
48,Bailey,Spurdon,Male,37
49,Stirling,Von Hindenburg,Male,19
50,Lacey,Verman,Female,43
51,Franciskus,Robottham,Male,85
52,Devina,Neligan,Female,96
53,Alicea,Hurlestone,Female,76
54,Maxwell,Strike,Male,70
55,Penny,Lambal,Female,52
56,Thornie,Rowen,Male,87
57,Sidnee,Frick,Male,88
58,Avrit,Carlson,Female,21
59,Godart,Laise,Male,66
60,Rich,Vassay,Male,31
61,Talbert,Quenby,Male,45
62,Allie,Stiggles,Male,71
63,Jarret,Bernhardi,Male,88
64,Tony,Klaffs,Male,71
65,Boone,Pither,Male,82
66,Alisha,Eddington,Female,53
67,Flor,Coleshill,Female,21
68,Carrol,Abad,Male,84
69,Imogen,Witherop,Female,50
70,Jasmina,Connikie,Female,75
71,Honey,Ringsell,Female,68
72,Blisse,Duffy,Female,72
73,Harald,Goundry,Male,76
74,Brigitte,Le land,Female,95
75,Salome,Mayling,Female,10
76,Michael,McConnell,Male,48
77,Otho,Croom,Male,35
78,Bennett,Haygreen,Male,36
79,Johannah,Silkston,Female,95
80,Meggie,Fossick,Female,19
81,Gregory,Wadhams,Male,94
82,Oran,Gothard,Male,81
83,Lesley,Patriche,Female,85
84,Merrick,Cudd,Male,73
85,Caryl,Gipps,Female,5
86,Seth,Rewbottom,Male,52
87,Ingelbert,Llewelyn,Male,75
88,Greg,Balassa,Male,77
89,Biron,Godmer,Male,49
90,Lynnette,Badam,Female,10
91,Rafaello,Collecott,Male,69
92,Saw,Iskowicz,Male,70
93,Lianne,Wike,Female,1
94,Dorian,Scardafield,Male,64
95,Sayers,Duffet,Male,60
96,Zack,Greschke,Male,16
97,Benetta,Caherny,Female,5
98,Cecilius,Sayton,Male,49
99,Christabella,Labro,Female,21
100,Jojo,Mills,Female,53